,f1,recall,precision
training,0.017553211042899683,0.963673057517659,0.008857272701978279
test,0.017549896765313145,0.96,0.008855896333919385
